İsim,Ay,Durum,Puan /5,Type,Tür,Yazar,Yıl
Anne Frank'in Hatıra Defteri,"Aralık ",Bitti,⭐️⭐️⭐️⭐️,Kitap,Günlük,Anna Frank,2021
Akdeniz,Ocak,Bitti,⭐️⭐️⭐️⭐️,Kitap,Roman,Panait Istrati,2022
Beni Kör Kuyularda,Ocak,Bitti,⭐️⭐️,Kitap,Roman,Hasan Ali Toptaş,2022
Boyalı Peçe,Ağustos,Bitti,⭐️⭐️⭐️⭐️⭐️,Kitap,Roman,Somerset Maugham,2022
Benim Hüzünlü Orospularım,Mart,Bitti,⭐️⭐️,Kitap,Roman,Gabriel Garcia Marquez,2022
Ay Işığı Sokağı,Ağustos,Bitti,⭐️⭐️⭐️⭐️,Kitap,Öykü,Stefan Zweig,2022
Bağlar,Ağustos,Bitti,⭐️⭐️⭐️⭐️⭐️,Kitap,Roman,Domenico Starnone,2022
Ermiş,Mart,Bitti,⭐️⭐️⭐️⭐️,Kitap,Öykü,Halil Cibran,2022
Dünyanın Tekdüzeleşmesi,Mayıs,Bitti,⭐️⭐️⭐️,Kitap,Fikir,Thomas Bauer,2022
Dublinliler,Nisan,Bitti,⭐️⭐️⭐️,Kitap,Roman,James Joyce,2022
Doppler,Ağustos,Bitti,⭐️⭐️⭐️⭐️⭐️,Kitap,Roman,Erland Loe,2022
Evolving Human Nutrition,Şubat,Bitti,⭐️⭐️⭐️,Kitap,Akademik,Stanley Vlijaszek,2022
Çiğdem Külahı,Mart,Bitti,⭐️⭐️⭐️⭐️,Kitap,Öykü,Ahmet Büke,2022
Doğum Lekesi Gibi Bir Gülümseme,"Aralık ",Bitti,⭐️⭐️⭐️,Kitap,Roman,Barış Bıçakçı,2021
Cehenneme Övgü,Şubat,Bitti,⭐️⭐️⭐️,Kitap,Fikir,Gündüz Vassaf,2022
Dünya Nimeti,Temmuz,Bitti,⭐️⭐️⭐️⭐️⭐️,Kitap,Roman,Knut Hamsun,2022
Gönül Bir Yel Değirmenidir Sevda Öğütür,Nisan,Bitti,⭐️⭐️⭐️⭐️,Kitap,Roman,Hüseyin Rahmi Gürpınar,2022
Hakkari’de Bir Mevsim,Ağustos,Bitti,⭐️⭐️,Kitap,Roman,Ferit Edgü,2022
Gulyabani,Haziran,Bitti,⭐️⭐️⭐️,Kitap,Roman,Hüseyin Rahmi Gürpınar,2022
İnce Memed I,Mayıs,Bitti,⭐️⭐️⭐️⭐️,Kitap,Roman,Yaşar Kemal,2022
Food Cults,Şubat,Bitti,⭐️⭐️⭐️,Kitap,Akademik,Kima Cargill,2022
Felatun Bey ile Rakım Efendi,Mayıs,Bitti,⭐️⭐️⭐️⭐️,Kitap,Roman,Ahmet Mithat Efendi,2022
Feniçka,Nisan,Bitti,⭐️⭐️⭐️⭐️,Kitap,Roman,Salome,2022
Gülün Adı,Haziran,Bitti,⭐️⭐️⭐️,Kitap,Roman,Umberto Eco,2022
Hazan Bülbülü,Şubat,Bitti,⭐️⭐️⭐️⭐️,Kitap,Roman,Hüseyin Rahmi Gürpınar,2022
Fink,"Aralık ",Bitti,⭐️⭐️⭐️⭐️,Kitap,Roman,Murat Menteş,2021
İnsanlığımı Yitirirken,Ağustos,Bitti,⭐️⭐️⭐️⭐️⭐️,Kitap,Roman,Osamu Dazai,2022
Muhteşem Gatsby,Ağustos,Bitti,⭐️⭐️⭐️⭐️,Kitap,Roman,F. Scott Fitzgerald,2022
Meczup,Mayıs,Bitti,⭐️⭐️⭐️,Kitap,Öykü,Halil Cibran,2022
Kara Kitap,Şubat,Bitti,⭐️,Kitap,Roman,Orhan Pamuk,2022
Kıyamet Park,Ocak,Bitti,⭐️⭐️⭐️,Kitap,Roman,Alper Canıgüz,2022
İnsanlar Arasında,Mart,Bitti,⭐️⭐️⭐️⭐️⭐️,Kitap,Roman,Maksim Gorki,2022
İtalya’da Bir Türk Sevdim,Mayıs,Bitti,⭐️⭐️⭐️⭐️⭐️,Kitap,Roman,Christina Comencini,2022
Kiralık Konak,Nisan,Bitti,⭐️⭐️⭐️,Kitap,Roman,Yakup Kadri Karaosmanoğlu,2022
Maşenka,Eylül,Bitti,⭐️⭐️⭐️,Kitap,Roman,Vladimir Nabokov,2022
Nasıl Ölünür,Haziran,Bitti,⭐️,Kitap,Roman,Emile Zola,2022
Oliver Twist,Mart,Bitti,⭐️⭐️⭐️⭐️,Kitap,Roman,Charles Dickens,2022
Pal Sokağı Çocukları,Mart,Bitti,⭐️⭐️⭐️⭐️,Kitap,Roman,Ferenc Molnar,2022
Piramit,Ocak,Bitti,⭐️⭐️⭐️⭐️,Kitap,Roman,William Golding,2022
Nohut Oda,Mayıs,Bitti,⭐️⭐️⭐️⭐️,Kitap,Öykü,Melisa Kesmez,2022
Peri Gazozu,Ocak,Bitti,⭐️⭐️⭐️,Kitap,Öykü,Ercan Kesal,2022
Yaman Adam,Haziran,Bitti,⭐️⭐️,Kitap,Öykü,Miguel de Unamuno,2022
Simyacı,Mayıs,Bitti,⭐️⭐️⭐️,Kitap,Roman,Paul Coelho,2022
Şıpsevdi,Ocak,Bitti,⭐️⭐️⭐️⭐️,Kitap,Roman,Hüseyin Rahmi Gürpınar,2022
The Obesity Epidemic,Mart,Bitti,⭐️⭐️⭐️⭐️,Kitap,Akademik,Robyn Toomath,2022
Yangın Yılları,Haziran,Bitti,⭐️⭐️⭐️⭐️,Kitap,Şiir,Ahmet Telli,2022
The Story of Food in the Human Past,Ocak,Bitti,⭐️⭐️⭐️,Kitap,Akademik,Robyn Cutright,2022
The Obesity Code,Mart,Bitti,⭐️⭐️⭐️⭐️,Kitap,Akademik,Jason Fung,2022
Sergüzeşt,Şubat,Bitti,⭐️⭐️⭐️,Kitap,Roman,Samipaşazade Sezai,2022
Şeytankaya Tılsımı,Mayıs,Bitti,⭐️⭐️⭐️,Kitap,Roman,Ahmet Mithat Efendi,2022
Sür Pulluğunu Ölülerin Kemikleri Üzerinde,Mayıs,Bitti,⭐️⭐️⭐️⭐️,Kitap,Roman,Olga Tokarzcuk,2022
Zorba,Ekim,Bitti,⭐️⭐️⭐️⭐️,Kitap,Roman,Nikos Kazancakis,2022
Parma Manastırı,Ekim,Bitti,⭐️⭐️⭐️,Kitap,Roman,Stendhal,2022
Oyunlarla Yaşayanlar,Ekim,Bitti,⭐️⭐️⭐️,Kitap,Oyun,Oğuz Atay,2022
Benim Durumumdaki Erkekler,Kasım,Bitti,⭐️⭐️⭐️⭐️⭐️,Kitap,Roman,Per Petterson,2022
Barbarları Beklerken,Kasım,Bitti,⭐️⭐️⭐️⭐️,Kitap,Roman,J.M. Coetzee,2022
Babamın Yeri,Kasım,Bitti,⭐️⭐️⭐️⭐️,Kitap,Roman,Annie Ernaux,2022
Ölmüş Bir Kadının Evrak-ı Metrukesi,Kasım,Bitti,⭐️⭐️⭐️⭐️,Kitap,Roman,Güzide Sabri,2022
Aşk-ı Memnu,"Aralık ",Bitti,⭐️⭐️⭐️⭐️,Kitap,Roman,Halid Ziya Uşaklıgil,2022
Uzağın Ötesinde,"Aralık ",Bitti,⭐️⭐️⭐️⭐️,Kitap,Roman,Peter Stamm,2022
Şeffaflık Toplumu,"Aralık ",Bitti,⭐️⭐️⭐️⭐️,Kitap,Fikir,Byung Chul Han,2022
Karanlık Bir Gecede Sessiz Evimden Çıktım,"Aralık ",Bitti,⭐️⭐️⭐️,Kitap,Roman,Peter Handke,2022
The Arts of Statistics,Ocak,Bitti,⭐️⭐️⭐️⭐️,Kitap,Akademik,David Spiegelhalter,2023
Kuzeye Giden İnce Yol,"Aralık ",Bitti,⭐️⭐️⭐️,Kitap,Günlük,Matsuo Başo,2022
Karanlık Bir Dünyada Bilimin Mum Işığı,Haziran,Bitti,⭐️⭐️⭐️⭐️⭐️,Kitap,Fikir,Carl Sagan,2023
İlkgençlik Çağına Öyküler 2,Ocak,Bitti,⭐️⭐️⭐️⭐️,Kitap,Öykü,Selim İleri,2023
Sessizliğe Hayranlık,Ocak,,⭐️⭐️⭐️⭐️⭐️,Kitap,Roman,Abdulrazak Gurnah,2023
Shuggie Bain,Ocak,Bitti,⭐️⭐️⭐️⭐️⭐️,Kitap,Roman,Douglas Stuart,2023
Zamanımızın Bir Kahramanı,Ocak,Bitti,⭐️⭐️⭐️⭐️⭐️,Kitap,Roman,Mihail Lermontov,2023
Kötü Adamın On Günü,Ocak,Bitti,⭐️⭐️⭐️⭐️⭐️,Kitap,Roman,Mehmet Eroğlu,2023
Bu Hikaye Senden Uzun Osman,Şubat,Bitti,⭐️⭐️,Kitap,Öykü,Aylin Balboa,2023
İnce Memed 2,Şubat,Bitti,⭐️⭐️⭐️⭐️,Kitap,Roman,Yaşar Kemal,2023
Köken,Şubat,Bitti,⭐️⭐️⭐️,Kitap,Roman,Sasa Stanisic,2023
Sevda Dolu Bir Yaz,Şubat,Bitti,⭐️⭐️⭐️⭐️,Kitap,Öykü,Firüzan,2023
Multiple Regression and Beyond,,Okunuyor,,Kitap,Akademik,Timothy Z. Keith,2024
MeaningFULL,,Okunuyor,,Kitap,Akademik,Alli Spots,2024
Efsuncu Baba,Şubat,Bitti,⭐️⭐️⭐️,Kitap,Roman,Hüseyin Rahmi Gürpınar,2023
Çingene,Şubat,Bitti,⭐️⭐️⭐️,Kitap,Roman,Ahmet Mithat Efendi,2023
Boş Dolaplar,Nisan,Bitti,⭐️⭐️⭐️⭐️⭐️,Kitap,Roman,Annie Ernaux,2023
Yerdeniz Büyücüsü,Mart,Bitti,⭐️⭐️⭐️,Kitap,Roman,Ursula K. Le Guin,2023
Kesin İnançlılar,Haziran,Bitti,⭐️⭐️⭐️⭐️⭐️,Kitap,Fikir,Eric Hoffer,2023
Aklın İşlevi,Eylül,Bitti,⭐️⭐️⭐️,Kitap,Fikir,Alfred North Whitehead,2023
Cebelavi Sokağı’nın Çocukları,Haziran,Bitti,⭐️⭐️⭐️⭐️,Kitap,Roman,Necib Mahfuz,2023
Mutsuzluk Zamanlarında Mutluluk,Haziran,Bitti,⭐️⭐️⭐️⭐️⭐️,Kitap,Roman,Wilhelm Genazino,2023
Zeka Tuzağı,Haziran,Bitti,⭐️⭐️⭐️⭐️⭐️,Kitap,Fikir,David Robson,2023
Goncanın Üçüncü Günü,Temmuz,Bitti,⭐️⭐️⭐️⭐️⭐️,Kitap,Öykü,Yücel Balku,2023
Kent ve Köpekler,Temmuz,Bitti,⭐️⭐️⭐️⭐️⭐️,Kitap,Roman,Mario Vargas Llosa,2023
Yeni Bilim Bağlantısallık,Temmuz,Bitti,⭐️⭐️⭐️⭐️,Kitap,Fikir,Türker Kılıç,2023
Tamirci,Temmuz,Bitti,⭐️⭐️⭐️⭐️,Kitap,Roman,Bernard Malamud,2023
Aşk Konuştuğumuzda Ne Konuşuruz,Temmuz,Bitti,⭐️⭐️⭐️⭐️⭐️,Kitap,Öykü,Raymond Carver,2023
Lady Chatterley’nin Aşığı,Eylül,Bitti,⭐️⭐️⭐️⭐️,Kitap,Roman,D.H. Lawrence,2023
Ötekinin Rüyası,,Okunuyor,,Kitap,Öykü,Julio Cortazar,2024
Bilim Tarihi,,Başlanacak,,Kitap,Fikir,John Gribbin,2024
Yalancı Tanıklar Kahvesi,Eylül,Bitti,⭐️⭐️⭐️⭐️⭐️,Kitap,Roman,Vedat Türkali,2023
Lanetli Tavşan,Eylül,Bitti,⭐️⭐️⭐️,Kitap,Öykü,Bora Chung,2023
Burn,Kasım,Bitti,⭐️⭐️⭐️⭐️,Kitap,Akademik,Herman Pontzer,2023
Temel Parçacıklar,Ekim,Bitti,⭐️⭐️⭐️⭐️,Kitap,Roman,Michel Houellebecq,2023
"Cadılar, Ebeler ve Hemşireler",Kasım,Bitti,⭐️⭐️⭐️,Kitap,Fikir,Barbara Ehrenreich,2023
Fikrimin İnce Gülü,Kasım,Bitti,⭐️⭐️⭐️⭐️,Kitap,Roman,Adalet Ağaoğlu,2023
Martin Eden,Kasım,Bitti,⭐️⭐️⭐️⭐️⭐️,Kitap,Roman,Jack London,2023
50 Muhteşem Kısa Hikaye Türk Edebiyatı,Şubat,Bitti,⭐️⭐️⭐️⭐️,Kitap,Öykü,Kolektif,2024
Yedi Boş Ev,"Aralık ",Bitti,⭐️⭐️⭐️⭐️⭐️,Kitap,Öykü,Samantha Schweblin,2023
Tıkanma,"Aralık ",Bitti,⭐️⭐️⭐️⭐️⭐️,Kitap,Roman,Chuck Palahniuk,2023
Yemeğin Psikopolitikası,Ocak,Bitti,⭐️⭐️⭐️⭐️,Kitap,Fikir,Mihalis Mentinis,2024
Zaman Sığınağı,Ocak,Bitti,⭐️⭐️⭐️,Kitap,Roman,Georgi Gospodinov,2024
Kaygı Döngüsünü Kırmak,,Başlanacak,,Kitap,Fikir,Judson Brewer,2024
İntihar Dükkanı,Ocak,Bitti,⭐️⭐️⭐️,Kitap,Roman,Jean Teule,2024
Gecikmeye Övgü,Şubat,Bitti,⭐️⭐️⭐️,Kitap,Fikir,Helene L’Heuillet,2024
Kerkenez,Şubat,Bitti,⭐️⭐️⭐️⭐️,Kitap,Roman,Barry Hines,2024
Goethe’nin İnfazı,Şubat,Bitti,⭐️⭐️⭐️⭐️,Kitap,Roman,Viktor Glass,2024
Bir Gün Tek Başına,Mart,Bitti,⭐️⭐️⭐️⭐️,Kitap,Roman,Vedat Türkali,2024
Kılıç Yarası Gibi,,Bitti,⭐️⭐️⭐️⭐️,Kitap,Roman,Ahmet Altan,2024
Kardeşim Rüzgar,,Başlanacak,,Kitap,Roman,Vasconselos,2024
Ne Ders Olsa Veririz,Şubat,Bitti,⭐️⭐️⭐️⭐️⭐️,Kitap,Fikir,"Aslı Vatansever, Meral Yalçın",2024
Daha,Şubat,Bitti,⭐️⭐️⭐️⭐️,Kitap,Roman,Hakan Günday,2024
Ultra Processed People,,Okunuyor,,Kitap,Akademik,Chris Van Tulleken,2024
Çalışma,,Okunuyor,,Kitap,Fikir,James Suzman,2024
Bir Erkeğin Anatomisi,,,⭐️⭐️⭐️⭐️,Film,,,2024
Aşk Filmlerinin Unutulmaz Yönetmeni,,,⭐️⭐️⭐️⭐️⭐️,Film,,,2024
Muhsin Bey,,,⭐️⭐️⭐️⭐️⭐️,Film,,,2024
Vahşi Gelin,,,⭐️⭐️⭐️⭐️,Film,,,2024
Beyoğlunun Arka Yakası,,Bitti,⭐️⭐️⭐️⭐️,Film,,,2024
Kırık Bir Aşk Hikayesi,,Bitti,⭐️⭐️⭐️⭐️,Film,,,2024
Merak Çağı,Ağustos,Bitti,⭐️⭐️⭐️⭐️⭐️,Kitap,Fikir,Richard Holmes,2024
Fahim Bey ve Biz,Temmuz,Bitti,⭐️⭐️⭐️⭐️,Kitap,Roman,Abdülhak Şinasi Hisar,2024
Gölge Kral,Ağustos,Bitti,⭐️⭐️⭐️⭐️,Kitap,Roman,Maaza Mengiste,2024
Cumhuriyet Dönemi Türkiye’sinde Bilim -I-,Ağustos,Bitti,⭐️⭐️⭐️⭐️,Kitap,Akademik,İnan Kalaycıoğulları,2024
Yaşamın Kıyısında,Eylül,Bitti,⭐️⭐️⭐️⭐️⭐️,Film,,Fatih Akın,2024
Aftersun,,Bitti,⭐️⭐️⭐️,Film,,,2024
Perfect Days,,Bitti,⭐️⭐️⭐️,Film,,,2024
Yaşarken ve Ölürken,Eylül,Bitti,⭐️⭐️⭐️⭐️,Kitap,Roman,Selim İleri,2024
Vukuat,Kasım,Bitti,⭐️⭐️⭐️⭐️,Kitap,Roman,Orhan Kemal,2024
Aylaklar,Kasım,Bitti,⭐️⭐️⭐️⭐️,Kitap,Roman,Melih Cevdet Anday,2024
İnsanlık Durumu,Ocak,Bitti,⭐️⭐️⭐️⭐️,Kitap,Roman,Andre Malraux,2025
Fundamentals of the Immune System,Şubat,Bitti,⭐️⭐️⭐️⭐️,Kitap,Akademik,Cheryl Natividad,2025
Ölmek Kolaydır Sevmekten,Şubat,Bitti,⭐️⭐️⭐️⭐️,Kitap,Roman,Ahmet Altan,2025
Bilginin Yolculuğu,Mart,Bitti,⭐️⭐️⭐️⭐️⭐️,Kitap,Akademik,Violet Mollet,2025
Mindhunter,,Bitti,⭐️⭐️⭐️⭐️⭐️,Dizi,,,2025
The Americans,,Bitti,⭐️⭐️⭐️⭐️⭐️,Dizi,,,
DareDevil,,Bitti,⭐️⭐️⭐️⭐️⭐️,Dizi,,,
Rome,,Bitti,⭐️⭐️⭐️⭐️⭐️,Dizi,,,
The Office,,Bitti,⭐️⭐️⭐️⭐️⭐️,Dizi,,,
Friends,,Bitti,⭐️⭐️⭐️⭐️⭐️,Dizi,,,
HIMYM,,Bitti,⭐️⭐️⭐️⭐️,Dizi,,,
Game of Thrones,,Bitti,⭐️⭐️⭐️⭐️⭐️,Dizi,,,
White Lotus,,Bitti,⭐️⭐️⭐️,Dizi,,,
Upload,,Bitti,⭐️⭐️⭐️,Dizi,,,
Six Feet Under,,Bitti,⭐️⭐️⭐️⭐️⭐️,Dizi,,,
Sopranos,,Bitti,⭐️⭐️⭐️⭐️⭐️,Dizi,,,
House of Dragon,,Bitti,⭐️⭐️⭐️⭐️,Dizi,,,
Chernobyl,,Bitti,⭐️⭐️⭐️⭐️⭐️,Dizi,,,
Succession,,Bitti,⭐️⭐️⭐️⭐️⭐️,Dizi,,,
True Detective 1.Sezon,,Bitti,⭐️⭐️⭐️⭐️⭐️,Dizi,,,
Spartacus,,Bitti,⭐️⭐️⭐️⭐️⭐️,Dizi,,,
Boardwalk Empire,,Bitti,⭐️⭐️⭐️⭐️⭐️,Dizi,,,
Invincible,,Bitti,⭐️⭐️⭐️⭐️⭐️,Dizi,,,
Reacher,,Bitti,⭐️⭐️⭐️⭐️,Dizi,,,
Breaking Bad,,Bitti,⭐️⭐️⭐️⭐️⭐️,Dizi,,,
Person of Interest,,Bitti,⭐️⭐️⭐️⭐️⭐️,Dizi,,,
Avatar: Son Hava Bükücü,,Bitti,⭐️⭐️⭐️⭐️⭐️,Dizi,,,
Rick and Morty,,Bitti,⭐️⭐️⭐️⭐️,Dizi,,,
Sherlock,,Bitti,⭐️⭐️⭐️⭐️⭐️,Dizi,,,
Better Cal Saul,,Başlanacak,,Dizi,,,
Fargo,,Bitti,⭐️⭐️⭐️⭐️,Dizi,,,
Şahsiyet,,Bitti,⭐️⭐️⭐️⭐️⭐️,Dizi,,,
BoJack Horseman,,Bitti,⭐️⭐️⭐️⭐️⭐️,Dizi,,,
Narcos,,Bitti,⭐️⭐️⭐️⭐️,Dizi,,,
Black Mirror,,Bitti,⭐️⭐️⭐️⭐️,Dizi,,,
Fleabag,,Bitti,⭐️⭐️⭐️⭐️⭐️,Dizi,,,
After Life,,Bitti,⭐️⭐️⭐️⭐️⭐️,Dizi,,,
Mad Men,,Bitti,⭐️⭐️⭐️⭐️⭐️,Dizi,,,
Blue Eye Samurai,,Bitti,⭐️⭐️⭐️⭐️,Dizi,,,
House MD,,Bitti,⭐️⭐️⭐️⭐️⭐️,Dizi,,,
One Punch Man,,Bitti,⭐️⭐️⭐️,Dizi,,,
The Boys,,Bitti,⭐️⭐️⭐️⭐️,Dizi,,,
Stranger Things,,Bitti,⭐️⭐️⭐️⭐️,Dizi,,,
This is Us,,Bitti,⭐️⭐️⭐️⭐️⭐️,Dizi,,,
House of Cards,,Bitti,⭐️⭐️⭐️⭐️⭐️,Dizi,,,
Mr Inbetween,,Bitti,⭐️⭐️⭐️,Dizi,,,
Primal,,Başlanacak,,Dizi,,,
Shogun,,Başlanacak,,Dizi,,,
Penguin,,Bitti,⭐️⭐️⭐️⭐️⭐️,Dizi,,,
Mr Robot,,Bitti,⭐️⭐️⭐️⭐️,Dizi,,,
The Bear,,Bitti,⭐️⭐️⭐️⭐️,Dizi,,,
Sons of Anarchy,,Başlanacak,,Dizi,,,
Shameless,,Bitti,⭐️⭐️⭐️⭐️,Dizi,,,
Hannibal,,Bitti,⭐️⭐️⭐️⭐️,Dizi,,,
Big Bang Theory,,Bitti,⭐️⭐️⭐️⭐️,Dizi,,,
Gillmore Girls,,Bitti,⭐️⭐️⭐️⭐️,Dizi,,,
Kızıl Darı Tarlaları,Haziran,Bitti,⭐️⭐️⭐️,Kitap,Roman,Mo Yan,2025
You just need to lose weight,Temmuz,Bitti,⭐️⭐️⭐️⭐️,Kitap,Akademik,Aubrey Gordon,2025
Pedro Paramp,Nisan,Bitti,⭐️⭐️⭐️,Kitap,Roman,Juan Rulfo,2026
Factfullness,Mayıs,Bitti,⭐️⭐️⭐️⭐️⭐️,Kitap,Fikir,Hans Rosling,2026